specialization,avg_cost
Cardiology,2051.9184
Dermatology,2661.9876056338026
General,471.5344
Orthopedics,1640.7463793103448
Pediatrics,706.0963888888889
